OBJECTID,CATEGORY,SOURCE,SOURCE_DATE,TRAFFICCONTROLID,OWNERSHIP,SUBCATEGORY,STATUS,STATUS_DATE,CREATE_DATE,UPDATE_DATE,INSTALLATION_DATE,x,y
1,TRAFFIC SIGNAL,DTS TRANSPORTATION PLANNING,4/21/2008 9:44:31 AM,99,REGION,TRAFFIC SIGNAL,ACTIVE,9/23/2008 12:00:00 AM,4/21/2008 9:44:31 AM,8/11/2014 2:57:44 PM,,-8958802.06213218,5379755.1967385
2,TRAFFIC SIGNAL,DTS TRANSPORTATION PLANNING,4/21/2008 9:44:31 AM,100,REGION,TRAFFIC SIGNAL,ACTIVE,9/23/2008 12:00:00 AM,4/21/2008 9:44:31 AM,8/16/2013 9:32:46 AM,,-8958668.02924961,5379845.40243839
3,TRAFFIC SIGNAL,DTS TRANSPORTATION PLANNING,4/21/2008 9:44:31 AM,101,REGION,TRAFFIC SIGNAL,ACTIVE,9/23/2008 12:00:00 AM,4/21/2008 9:44:31 AM,8/16/2013 9:32:46 AM,,-8958366.04608885,5379513.48718633
4,TRAFFIC SIGNAL,DTS TRANSPORTATION PLANNING,4/21/2008 9:44:31 AM,102,REGION,TRAFFIC SIGNAL,ACTIVE,9/23/2008 12:00:00 AM,4/21/2008 9:44:31 AM,8/16/2013 9:32:46 AM,,-8958300.56684427,5379620.36802865
5,TRAFFIC SIGNAL,DTS TRANSPORTATION PLANNING,4/21/2008 9:44:31 AM,103,REGION,TRAFFIC SIGNAL,ACTIVE,9/23/2008 12:00:00 AM,4/21/2008 9:44:31 AM,8/16/2013 9:32:46 AM,,-8958065.42760204,5379478.46024336
6,TRAFFIC SIGNAL,DTS TRANSPORTATION PLANNING,4/21/2008 9:44:31 AM,104,REGION,TRAFFIC SIGNAL,ACTIVE,9/23/2008 12:00:00 AM,4/21/2008 9:44:31 AM,8/16/2013 9:32:46 AM,,-8958134.5899708,5379374.60176506
7,TRAFFIC SIGNAL,DTS TRANSPORTATION PLANNING,4/21/2008 9:44:31 AM,105,REGION,TRAFFIC SIGNAL,ACTIVE,9/23/2008 12:00:00 AM,4/21/2008 9:44:31 AM,8/16/2013 9:32:46 AM,,-8958659.6846452,5378709.54525883
8,TRAFFIC SIGNAL,DTS TRANSPORTATION PLANNING,4/21/2008 9:44:31 AM,106,REGION,TRAFFIC SIGNAL,ACTIVE,9/23/2008 12:00:00 AM,4/21/2008 9:44:31 AM,8/11/2014 2:24:13 PM,,-8957494.33983733,5379164.73668369
9,TRAFFIC SIGNAL,DTS TRANSPORTATION PLANNING,4/21/2008 9:44:31 AM,107,REGION,TRAFFIC SIGNAL,ACTIVE,9/23/2008 12:00:00 AM,4/21/2008 9:44:31 AM,8/12/2014 3:53:54 PM,,-8965101.54484347,5375885.3873365
10,TRAFFIC SIGNAL,DTS TRANSPORTATION PLANNING,4/21/2008 9:44:31 AM,108,REGION,TRAFFIC SIGNAL,ACTIVE,9/23/2008 12:00:00 AM,4/21/2008 9:44:31 AM,8/11/2014 4:46:16 PM,,-8953518.2157328,5378714.14913506
11,TRAFFIC SIGNAL,DTS TRANSPORTATION PLANNING,4/21/2008 9:44:31 AM,109,REGION,TRAFFIC SIGNAL,ACTIVE,9/23/2008 12:00:00 AM,4/21/2008 9:44:31 AM,8/16/2013 9:32:46 AM,,-8953223.05932888,5378338.66430825
12,TRAFFIC SIGNAL,DTS TRANSPORTATION PLANNING,4/21/2008 9:44:31 AM,110,REGION,TRAFFIC SIGNAL,ACTIVE,9/23/2008 12:00:00 AM,4/21/2008 9:44:31 AM,8/16/2013 9:32:46 AM,,-8953636.76974248,5377669.2450119
13,TRAFFIC SIGNAL,DTS TRANSPORTATION PLANNING,4/21/2008 9:44:31 AM,111,REGION,TRAFFIC SIGNAL,ACTIVE,9/23/2008 12:00:00 AM,4/21/2008 9:44:31 AM,8/11/2014 2:24:13 PM,,-8954195.87138353,5377676.52922222
14,TRAFFIC SIGNAL,DTS TRANSPORTATION PLANNING,4/21/2008 9:44:31 AM,112,REGION,TRAFFIC SIGNAL,ACTIVE,9/23/2008 12:00:00 AM,4/21/2008 9:44:31 AM,8/16/2013 9:32:46 AM,,-8954740.4963321,5378189.98021727
15,TRAFFIC SIGNAL,DTS TRANSPORTATION PLANNING,4/21/2008 9:44:31 AM,113,REGION,TRAFFIC SIGNAL,ACTIVE,9/23/2008 12:00:00 AM,4/21/2008 9:44:31 AM,8/16/2013 9:32:46 AM,,-8953670.99886295,5377420.6351933
16,TRAFFIC SIGNAL,DTS TRANSPORTATION PLANNING,4/21/2008 9:44:31 AM,114,REGION,TRAFFIC SIGNAL,ACTIVE,9/23/2008 12:00:00 AM,4/21/2008 9:44:31 AM,8/11/2014 4:51:35 PM,,-8963847.95568999,5377461.12884229
17,TRAFFIC SIGNAL,DTS TRANSPORTATION PLANNING,4/21/2008 9:44:31 AM,115,REGION,TRAFFIC SIGNAL,ACTIVE,9/23/2008 12:00:00 AM,4/21/2008 9:44:31 AM,8/16/2013 9:32:46 AM,,-8963333.61628971,5376650.00163449
18,TRAFFIC SIGNAL,DTS TRANSPORTATION PLANNING,4/21/2008 9:44:31 AM,116,REGION,TRAFFIC SIGNAL,ACTIVE,9/23/2008 12:00:00 AM,4/21/2008 9:44:31 AM,8/11/2014 4:51:35 PM,,-8962969.0918474,5376221.34362677
19,TRAFFIC SIGNAL,DTS TRANSPORTATION PLANNING,4/21/2008 9:44:31 AM,117,REGION,TRAFFIC SIGNAL,ACTIVE,9/23/2008 12:00:00 AM,4/21/2008 9:44:31 AM,8/11/2014 4:51:35 PM,,-8963573.88274472,5376978.3286101
21,TRAFFIC SIGNAL,DTS TRANSPORTATION PLANNING,4/21/2008 9:44:31 AM,119,REGION,TRAFFIC SIGNAL,ACTIVE,9/23/2008 12:00:00 AM,4/21/2008 9:44:31 AM,8/16/2013 9:32:46 AM,,-8961178.56312615,5382454.39556283
22,TRAFFIC SIGNAL,DTS TRANSPORTATION PLANNING,4/21/2008 9:44:31 AM,120,REGION,TRAFFIC SIGNAL,ACTIVE,9/23/2008 12:00:00 AM,4/21/2008 9:44:31 AM,8/16/2013 9:32:46 AM,,-8960678.30081832,5381796.2192371
23,TRAFFIC SIGNAL,DTS TRANSPORTATION PLANNING,4/21/2008 9:44:31 AM,121,REGION,TRAFFIC SIGNAL,ACTIVE,9/23/2008 12:00:00 AM,4/21/2008 9:44:31 AM,8/16/2013 9:32:46 AM,,-8960524.81113116,5381458.37940129
24,TRAFFIC SIGNAL,DTS TRANSPORTATION PLANNING,4/21/2008 9:44:31 AM,122,REGION,TRAFFIC SIGNAL,ACTIVE,9/23/2008 12:00:00 AM,4/21/2008 9:44:31 AM,8/16/2013 9:32:46 AM,,-8959998.97895422,5381699.28232432
25,TRAFFIC SIGNAL,DTS TRANSPORTATION PLANNING,4/21/2008 9:44:31 AM,123,REGION,TRAFFIC SIGNAL,ACTIVE,9/23/2008 12:00:00 AM,4/21/2008 9:44:31 AM,8/16/2013 9:32:46 AM,,-8960152.28097249,5382036.99370802
26,TRAFFIC SIGNAL,DTS TRANSPORTATION PLANNING,4/21/2008 9:44:31 AM,124,REGION,TRAFFIC SIGNAL,ACTIVE,9/23/2008 12:00:00 AM,4/21/2008 9:44:31 AM,8/16/2013 9:32:46 AM,,-8960570.4681929,5382729.04677445
27,TRAFFIC SIGNAL,DTS TRANSPORTATION PLANNING,4/21/2008 9:44:31 AM,125,REGION,TRAFFIC SIGNAL,ACTIVE,9/23/2008 12:00:00 AM,4/21/2008 9:44:31 AM,8/16/2013 9:32:46 AM,,-8959276.72838333,5382035.71955941
28,TRAFFIC SIGNAL,DTS TRANSPORTATION PLANNING,4/21/2008 9:44:31 AM,126,REGION,TRAFFIC SIGNAL,ACTIVE,9/23/2008 12:00:00 AM,4/21/2008 9:44:31 AM,8/11/2014 4:51:35 PM,,-8959363.35618776,5382398.56009959
29,TRAFFIC SIGNAL,DTS TRANSPORTATION PLANNING,4/21/2008 9:44:31 AM,127,REGION,TRAFFIC SIGNAL,ACTIVE,9/23/2008 12:00:00 AM,4/21/2008 9:44:31 AM,8/16/2013 9:32:46 AM,,-8959461.4052443,5383110.7350463
30,TRAFFIC SIGNAL,DTS TRANSPORTATION PLANNING,4/21/2008 9:44:31 AM,128,REGION,TRAFFIC SIGNAL,ACTIVE,9/23/2008 12:00:00 AM,4/21/2008 9:44:31 AM,8/11/2014 2:24:13 PM,,-8959477.18081882,5383978.43803133
31,TRAFFIC SIGNAL,DTS TRANSPORTATION PLANNING,4/21/2008 9:44:31 AM,129,REGION,TRAFFIC SIGNAL,ACTIVE,9/23/2008 12:00:00 AM,4/21/2008 9:44:31 AM,8/11/2014 4:43:04 PM,,-8955320.84564161,5372909.34830931
32,TRAFFIC SIGNAL,DTS TRANSPORTATION PLANNING,4/21/2008 9:44:31 AM,130,REGION,TRAFFIC SIGNAL,ACTIVE,9/23/2008 12:00:00 AM,4/21/2008 9:44:31 AM,8/16/2013 9:32:46 AM,,-8953642.56872411,5372345.78348226
33,TRAFFIC SIGNAL,DTS TRANSPORTATION PLANNING,4/21/2008 9:44:31 AM,131,REGION,TRAFFIC SIGNAL,ACTIVE,9/23/2008 12:00:00 AM,4/21/2008 9:44:31 AM,8/16/2013 9:32:46 AM,,-8952493.77615361,5371481.51604392
34,TRAFFIC SIGNAL,DTS TRANSPORTATION PLANNING,4/21/2008 9:44:31 AM,132,REGION,TRAFFIC SIGNAL,ACTIVE,9/23/2008 12:00:00 AM,4/21/2008 9:44:31 AM,8/11/2014 4:51:35 PM,,-8951424.15360063,5371051.16364533
35,TRAFFIC SIGNAL,DTS TRANSPORTATION PLANNING,4/21/2008 9:44:31 AM,133,REGION,TRAFFIC SIGNAL,ACTIVE,9/23/2008 12:00:00 AM,4/21/2008 9:44:31 AM,8/16/2013 9:32:46 AM,,-8959485.3657878,5384824.89473145
37,TRAFFIC SIGNAL,DTS TRANSPORTATION PLANNING,4/21/2008 9:44:31 AM,135,REGION,TRAFFIC SIGNAL,ACTIVE,9/23/2008 12:00:00 AM,4/21/2008 9:44:31 AM,8/11/2014 2:24:13 PM,,-8953599.37583557,5381837.39118108
38,TRAFFIC SIGNAL,DTS TRANSPORTATION PLANNING,4/21/2008 9:44:31 AM,136,REGION,TRAFFIC SIGNAL,ACTIVE,9/23/2008 12:00:00 AM,4/21/2008 9:44:31 AM,8/11/2014 2:57:44 PM,,-8960880.70540407,5380916.28777859
39,TRAFFIC SIGNAL,DTS TRANSPORTATION PLANNING,4/21/2008 9:44:31 AM,137,REGION,TRAFFIC SIGNAL,ACTIVE,9/23/2008 12:00:00 AM,4/21/2008 9:44:31 AM,8/16/2013 9:32:46 AM,,-8960811.18420214,5381071.46298928
40,TRAFFIC SIGNAL,DTS TRANSPORTATION PLANNING,4/21/2008 9:44:31 AM,138,REGION,TRAFFIC SIGNAL,ACTIVE,9/23/2008 12:00:00 AM,4/21/2008 9:44:31 AM,8/16/2013 9:32:46 AM,,-8960735.46459179,5380675.47848154
41,TRAFFIC SIGNAL,DTS TRANSPORTATION PLANNING,4/21/2008 9:44:31 AM,139,REGION,TRAFFIC SIGNAL,ACTIVE,9/23/2008 12:00:00 AM,4/21/2008 9:44:31 AM,8/16/2013 9:32:46 AM,,-8960673.42648164,5380830.80467898
42,TRAFFIC SIGNAL,DTS TRANSPORTATION PLANNING,4/21/2008 9:44:31 AM,140,REGION,TRAFFIC SIGNAL,ACTIVE,9/23/2008 12:00:00 AM,4/21/2008 9:44:31 AM,8/16/2013 9:32:46 AM,,-8960612.45575586,5380984.4825809
43,TRAFFIC SIGNAL,DTS TRANSPORTATION PLANNING,4/21/2008 9:44:31 AM,141,REGION,TRAFFIC SIGNAL,ACTIVE,9/23/2008 12:00:00 AM,4/21/2008 9:44:31 AM,8/16/2013 9:32:46 AM,,-8960552.48861588,5381140.23993854
44,TRAFFIC SIGNAL,DTS TRANSPORTATION PLANNING,4/21/2008 9:44:31 AM,142,REGION,TRAFFIC SIGNAL,ACTIVE,9/23/2008 12:00:00 AM,4/21/2008 9:44:31 AM,8/16/2013 9:32:46 AM,,-8960423.00833881,5381373.13459496
45,TRAFFIC SIGNAL,DTS TRANSPORTATION PLANNING,4/21/2008 9:44:31 AM,143,REGION,TRAFFIC SIGNAL,ACTIVE,9/23/2008 12:00:00 AM,4/21/2008 9:44:31 AM,8/16/2013 9:32:46 AM,,-8960389.69071557,5380886.87201219
46,TRAFFIC SIGNAL,DTS TRANSPORTATION PLANNING,4/21/2008 9:44:31 AM,144,REGION,TRAFFIC SIGNAL,ACTIVE,9/23/2008 12:00:00 AM,4/21/2008 9:44:31 AM,8/16/2013 9:32:46 AM,,-8960168.25328777,5381215.64142811
47,TRAFFIC SIGNAL,DTS TRANSPORTATION PLANNING,4/21/2008 9:44:31 AM,145,REGION,TRAFFIC SIGNAL,ACTIVE,9/23/2008 12:00:00 AM,4/21/2008 9:44:31 AM,8/16/2013 9:32:46 AM,,-8960229.74835643,5380635.96944393
48,TRAFFIC SIGNAL,DTS TRANSPORTATION PLANNING,4/21/2008 9:44:31 AM,146,REGION,TRAFFIC SIGNAL,ACTIVE,9/23/2008 12:00:00 AM,4/21/2008 9:44:31 AM,8/16/2013 9:32:46 AM,,-8960150.55894049,5380768.77721965
49,TRAFFIC SIGNAL,DTS TRANSPORTATION PLANNING,4/21/2008 9:44:31 AM,147,REGION,TRAFFIC SIGNAL,ACTIVE,9/23/2008 12:00:00 AM,4/21/2008 9:44:31 AM,8/11/2014 2:57:44 PM,,-8960061.21770753,5380932.43846951
50,TRAFFIC SIGNAL,DTS TRANSPORTATION PLANNING,4/21/2008 9:44:31 AM,148,REGION,TRAFFIC SIGNAL,ACTIVE,9/23/2008 12:00:00 AM,4/21/2008 9:44:31 AM,8/16/2013 9:32:46 AM,,-8959915.63517599,5380852.05326818
51,TRAFFIC SIGNAL,DTS TRANSPORTATION PLANNING,4/21/2008 9:44:31 AM,149,REGION,TRAFFIC SIGNAL,ACTIVE,9/23/2008 12:00:00 AM,4/21/2008 9:44:31 AM,8/16/2013 9:32:46 AM,,-8959823.70866694,5381012.43923486
52,TRAFFIC SIGNAL,DTS TRANSPORTATION PLANNING,4/21/2008 9:44:31 AM,150,REGION,TRAFFIC SIGNAL,ACTIVE,9/23/2008 12:00:00 AM,4/21/2008 9:44:31 AM,8/16/2013 9:32:46 AM,,-8958492.07537491,5382370.94658458
53,TRAFFIC SIGNAL,DTS TRANSPORTATION PLANNING,4/21/2008 9:44:31 AM,151,REGION,TRAFFIC SIGNAL,ACTIVE,9/23/2008 12:00:00 AM,4/21/2008 9:44:31 AM,8/11/2014 4:51:35 PM,,-8958375.35385447,5382222.062419
54,TRAFFIC SIGNAL,DTS TRANSPORTATION PLANNING,4/21/2008 9:44:31 AM,152,REGION,TRAFFIC SIGNAL,ACTIVE,9/23/2008 12:00:00 AM,4/21/2008 9:44:31 AM,8/11/2014 4:51:35 PM,,-8958202.14295414,5382000.4838172
55,TRAFFIC SIGNAL,DTS TRANSPORTATION PLANNING,4/21/2008 9:44:31 AM,153,REGION,TRAFFIC SIGNAL,ACTIVE,9/23/2008 12:00:00 AM,4/21/2008 9:44:31 AM,8/11/2014 4:51:35 PM,,-8959194.67939351,5381289.38344724
56,TRAFFIC SIGNAL,DTS TRANSPORTATION PLANNING,4/21/2008 9:44:31 AM,154,REGION,TRAFFIC SIGNAL,ACTIVE,9/23/2008 12:00:00 AM,4/21/2008 9:44:31 AM,8/16/2013 9:32:46 AM,,-8959352.37536851,5381170.91476502
57,TRAFFIC SIGNAL,DTS TRANSPORTATION PLANNING,4/21/2008 9:44:31 AM,155,REGION,TRAFFIC SIGNAL,ACTIVE,9/23/2008 12:00:00 AM,4/21/2008 9:44:31 AM,8/16/2013 9:32:46 AM,,-8959672.50108467,5380926.64867552
58,TRAFFIC SIGNAL,DTS TRANSPORTATION PLANNING,4/21/2008 9:44:31 AM,156,REGION,TRAFFIC SIGNAL,ACTIVE,9/23/2008 12:00:00 AM,4/21/2008 9:44:31 AM,8/16/2013 9:32:46 AM,,-8959766.27341187,5380769.13021411
59,TRAFFIC SIGNAL,DTS TRANSPORTATION PLANNING,4/21/2008 9:44:31 AM,157,KITCHENER,TRAFFIC SIGNAL,ACTIVE,9/23/2008 12:00:00 AM,4/21/2008 9:44:31 AM,8/16/2013 9:32:46 AM,1/1/1995 12:00:00 AM,-8960262.86771198,5381047.00809469
60,TRAFFIC SIGNAL,DTS TRANSPORTATION PLANNING,4/21/2008 9:44:31 AM,158,REGION,TRAFFIC SIGNAL,ACTIVE,9/23/2008 12:00:00 AM,4/21/2008 9:44:31 AM,8/16/2013 9:32:46 AM,,-8959177.37006865,5380614.8507361
61,TRAFFIC SIGNAL,DTS TRANSPORTATION PLANNING,4/21/2008 9:44:31 AM,159,REGION,TRAFFIC SIGNAL,ACTIVE,9/23/2008 12:00:00 AM,4/21/2008 9:44:31 AM,8/11/2014 4:51:35 PM,,-8958182.91908484,5381112.78957933
62,TRAFFIC SIGNAL,DTS TRANSPORTATION PLANNING,4/21/2008 9:44:31 AM,160,KITCHENER,TRAFFIC SIGNAL,ACTIVE,9/23/2008 12:00:00 AM,4/21/2008 9:44:31 AM,8/11/2014 4:51:35 PM,1/1/1995 12:00:00 AM,-8958047.98951427,5380831.48792062
63,TRAFFIC SIGNAL,DTS TRANSPORTATION PLANNING,4/21/2008 9:44:31 AM,161,REGION,TRAFFIC SIGNAL,ACTIVE,9/23/2008 12:00:00 AM,4/21/2008 9:44:31 AM,8/16/2013 9:32:46 AM,,-8958013.10525157,5380059.46092886
64,TRAFFIC SIGNAL,DTS TRANSPORTATION PLANNING,4/21/2008 9:44:31 AM,162,REGION,TRAFFIC SIGNAL,ACTIVE,9/23/2008 12:00:00 AM,4/21/2008 9:44:31 AM,8/11/2014 4:51:35 PM,,-8957573.54898106,5379817.18550179
65,TRAFFIC SIGNAL,DTS TRANSPORTATION PLANNING,4/21/2008 9:44:31 AM,163,REGION,TRAFFIC SIGNAL,ACTIVE,9/23/2008 12:00:00 AM,4/21/2008 9:44:31 AM,8/16/2013 9:32:46 AM,,-8956590.13056469,5378910.67898584
66,TRAFFIC SIGNAL,DTS TRANSPORTATION PLANNING,4/21/2008 9:44:31 AM,164,REGION,TRAFFIC SIGNAL,ACTIVE,9/23/2008 12:00:00 AM,4/21/2008 9:44:31 AM,8/16/2013 9:32:46 AM,,-8956643.97207794,5378709.97831704
68,TRAFFIC SIGNAL,DTS TRANSPORTATION PLANNING,4/21/2008 9:44:31 AM,166,REGION,TRAFFIC SIGNAL,ACTIVE,9/23/2008 12:00:00 AM,4/21/2008 9:44:31 AM,8/11/2014 3:14:19 PM,,-8953913.36256791,5376789.86411471
69,TRAFFIC SIGNAL,DTS TRANSPORTATION PLANNING,4/21/2008 9:44:31 AM,167,REGION,TRAFFIC SIGNAL,ACTIVE,9/23/2008 12:00:00 AM,4/21/2008 9:44:31 AM,8/16/2013 9:32:46 AM,,-8952256.91935996,5376906.30190847
70,TRAFFIC SIGNAL,DTS TRANSPORTATION PLANNING,4/21/2008 9:44:31 AM,168,REGION,TRAFFIC SIGNAL,ACTIVE,9/23/2008 12:00:00 AM,4/21/2008 9:44:31 AM,8/11/2014 2:24:13 PM,,-8954685.65752468,5384055.45525078
71,TRAFFIC SIGNAL,DTS TRANSPORTATION PLANNING,4/21/2008 9:44:31 AM,169,KITCHENER,TRAFFIC SIGNAL,ACTIVE,9/23/2008 12:00:00 AM,4/21/2008 9:44:31 AM,8/11/2014 4:51:35 PM,1/1/2000 12:00:00 AM,-8964317.0793222,5377213.76171443
72,TRAFFIC SIGNAL,DTS TRANSPORTATION PLANNING,4/21/2008 9:44:31 AM,170,REGION,TRAFFIC SIGNAL,ACTIVE,9/23/2008 12:00:00 AM,4/21/2008 9:44:31 AM,8/11/2014 2:57:44 PM,,-8957976.93599028,5377884.42043835
73,TRAFFIC SIGNAL,DTS TRANSPORTATION PLANNING,4/21/2008 9:44:31 AM,171,REGION,TRAFFIC SIGNAL,ACTIVE,9/23/2008 12:00:00 AM,4/21/2008 9:44:31 AM,8/11/2014 2:57:44 PM,,-8958115.01549035,5378114.96892575
74,TRAFFIC SIGNAL,DTS TRANSPORTATION PLANNING,4/21/2008 9:44:31 AM,172,REGION,TRAFFIC SIGNAL,ACTIVE,9/23/2008 12:00:00 AM,4/21/2008 9:44:31 AM,8/11/2014 4:51:35 PM,,-8959642.79940398,5377407.65322382
75,TRAFFIC SIGNAL,DTS TRANSPORTATION PLANNING,4/21/2008 9:44:31 AM,173,REGION,TRAFFIC SIGNAL,ACTIVE,9/23/2008 12:00:00 AM,4/21/2008 9:44:31 AM,8/11/2014 2:57:44 PM,,-8957720.99516463,5377521.63963805
76,TRAFFIC SIGNAL,DTS TRANSPORTATION PLANNING,4/21/2008 9:44:31 AM,174,REGION,TRAFFIC SIGNAL,ACTIVE,9/23/2008 12:00:00 AM,4/21/2008 9:44:31 AM,8/11/2014 2:57:44 PM,,-8957449.52053793,5377124.26129765
77,TRAFFIC SIGNAL,DTS TRANSPORTATION PLANNING,4/21/2008 9:44:31 AM,175,REGION,TRAFFIC SIGNAL,ACTIVE,9/23/2008 12:00:00 AM,4/21/2008 9:44:31 AM,8/16/2013 9:32:46 AM,,-8956696.05849203,5376329.77821105
79,TRAFFIC SIGNAL,DTS TRANSPORTATION PLANNING,4/21/2008 9:44:31 AM,177,REGION,TRAFFIC SIGNAL,ACTIVE,9/23/2008 12:00:00 AM,4/21/2008 9:44:31 AM,8/11/2014 4:43:04 PM,,-8955585.69249175,5374985.65759108
80,TRAFFIC SIGNAL,DTS TRANSPORTATION PLANNING,4/21/2008 9:44:32 AM,178,REGION,TRAFFIC SIGNAL,ACTIVE,9/23/2008 12:00:00 AM,4/21/2008 9:44:32 AM,8/16/2013 9:32:46 AM,,-8956420.80301244,5373370.82100143
81,TRAFFIC SIGNAL,DTS TRANSPORTATION PLANNING,4/21/2008 9:44:32 AM,179,REGION,TRAFFIC SIGNAL,ACTIVE,9/23/2008 12:00:00 AM,4/21/2008 9:44:32 AM,8/11/2014 4:51:35 PM,,-8961336.91769167,5381300.09149853
82,TRAFFIC SIGNAL,DTS TRANSPORTATION PLANNING,4/21/2008 9:44:32 AM,180,REGION,TRAFFIC SIGNAL,ACTIVE,9/23/2008 12:00:00 AM,4/21/2008 9:44:32 AM,8/11/2014 4:51:35 PM,,-8959159.66475754,5379994.42178591
83,TRAFFIC SIGNAL,DTS TRANSPORTATION PLANNING,4/21/2008 9:44:32 AM,181,REGION,TRAFFIC SIGNAL,ACTIVE,9/23/2008 12:00:00 AM,4/21/2008 9:44:32 AM,8/16/2013 9:32:46 AM,,-8958882.38991903,5380430.49193668
84,TRAFFIC SIGNAL,DTS TRANSPORTATION PLANNING,4/21/2008 9:44:32 AM,182,REGION,TRAFFIC SIGNAL,ACTIVE,9/23/2008 12:00:00 AM,4/21/2008 9:44:32 AM,8/16/2013 9:32:46 AM,,-8960447.75033776,5380730.48697933
85,TRAFFIC SIGNAL,DTS TRANSPORTATION PLANNING,1/29/2004 11:02:22 AM,11,KITCHENER,TRAFFIC SIGNAL,ACTIVE,9/23/2008 12:00:00 AM,1/29/2004 11:02:22 AM,8/11/2014 2:24:13 PM,1/1/2002 12:00:00 AM,-8954177.79738584,5383032.35293731
86,TRAFFIC SIGNAL,DTS TRANSPORTATION PLANNING,1/29/2004 11:03:45 AM,12,REGION,TRAFFIC SIGNAL,ACTIVE,9/23/2008 12:00:00 AM,1/29/2004 11:03:45 AM,8/11/2014 2:24:13 PM,,-8952740.96235039,5380704.72590453
88,TRAFFIC SIGNAL,DTS TRANSPORTATION PLANNING,1/29/2004 11:07:25 AM,14,KITCHENER,TRAFFIC SIGNAL,ACTIVE,9/23/2008 12:00:00 AM,1/29/2004 11:07:25 AM,8/11/2014 4:51:35 PM,1/1/2003 12:00:00 AM,-8959595.31192771,5381406.33046036
89,TRAFFIC SIGNAL,DTS TRANSPORTATION PLANNING,1/29/2004 11:08:11 AM,15,REGION,TRAFFIC SIGNAL,ACTIVE,9/23/2008 12:00:00 AM,1/29/2004 11:08:11 AM,8/11/2014 4:51:35 PM,,-8959575.35826763,5380669.365633
90,TRAFFIC SIGNAL,DTS TRANSPORTATION PLANNING,1/29/2004 11:09:22 AM,16,REGION,TRAFFIC SIGNAL,ACTIVE,9/23/2008 12:00:00 AM,1/29/2004 11:09:22 AM,8/11/2014 4:51:35 PM,,-8962306.10464129,5381727.38378591
91,TRAFFIC SIGNAL,DTS TRANSPORTATION PLANNING,1/29/2004 11:10:33 AM,17,REGION,TRAFFIC SIGNAL,ACTIVE,9/23/2008 12:00:00 AM,1/29/2004 11:10:33 AM,8/11/2014 4:51:35 PM,,-8965153.45159568,5379082.08390703
92,TRAFFIC SIGNAL,DTS TRANSPORTATION PLANNING,1/29/2004 11:55:24 AM,18,REGION,TRAFFIC SIGNAL,ACTIVE,9/23/2008 12:00:00 AM,1/29/2004 11:55:24 AM,8/11/2014 4:51:35 PM,,-8963759.66985844,5379958.84412963
93,TRAFFIC SIGNAL,DTS TRANSPORTATION PLANNING,1/29/2004 11:59:07 AM,19,REGION,TRAFFIC SIGNAL,ACTIVE,9/23/2008 12:00:00 AM,1/29/2004 11:59:07 AM,8/11/2014 4:51:35 PM,,-8964722.90983839,5377582.75431301
94,TRAFFIC SIGNAL,DTS TRANSPORTATION PLANNING,1/29/2004 11:59:10 AM,20,REGION,TRAFFIC SIGNAL,ACTIVE,9/23/2008 12:00:00 AM,1/29/2004 11:59:10 AM,8/11/2014 4:51:35 PM,,-8964282.75134611,5377803.31814395
95,TRAFFIC SIGNAL,DTS TRANSPORTATION PLANNING,1/29/2004 12:00:20 PM,21,REGION,TRAFFIC SIGNAL,ACTIVE,9/23/2008 12:00:00 AM,1/29/2004 12:00:20 PM,8/11/2014 4:54:29 PM,,-8963960.14548929,5377701.24591487
97,TRAFFIC SIGNAL,DTS TRANSPORTATION PLANNING,1/29/2004 12:03:47 PM,24,REGION,TRAFFIC SIGNAL,ACTIVE,9/23/2008 12:00:00 AM,1/29/2004 12:03:47 PM,8/11/2014 4:54:29 PM,,-8955591.64052574,5378434.04990448
98,TRAFFIC SIGNAL,DTS TRANSPORTATION PLANNING,1/29/2004 12:06:20 PM,25,REGION,TRAFFIC SIGNAL,ACTIVE,9/23/2008 12:00:00 AM,1/29/2004 12:06:20 PM,8/11/2014 4:54:29 PM,,-8959582.93630953,5376687.17904952
99,TRAFFIC SIGNAL,DTS TRANSPORTATION PLANNING,1/29/2004 12:07:24 PM,26,REGION,TRAFFIC SIGNAL,ACTIVE,9/23/2008 12:00:00 AM,1/29/2004 12:07:24 PM,8/11/2014 3:14:19 PM,,-8956064.59424137,5376003.07592957
100,TRAFFIC SIGNAL,DTS TRANSPORTATION PLANNING,1/29/2004 12:07:27 PM,27,REGION,TRAFFIC SIGNAL,ACTIVE,9/23/2008 12:00:00 AM,1/29/2004 12:07:27 PM,8/11/2014 3:14:19 PM,,-8955741.87509406,5376077.8736622
101,TRAFFIC SIGNAL,DTS TRANSPORTATION PLANNING,1/29/2004 12:09:12 PM,28,REGION,TRAFFIC SIGNAL,ACTIVE,9/23/2008 12:00:00 AM,1/29/2004 12:09:12 PM,8/11/2014 4:54:29 PM,,-8958229.69828389,5375789.84530296
102,TRAFFIC SIGNAL,DTS TRANSPORTATION PLANNING,1/29/2004 12:09:53 PM,29,REGION,TRAFFIC SIGNAL,ACTIVE,9/23/2008 12:00:00 AM,1/29/2004 12:09:53 PM,8/11/2014 4:43:04 PM,,-8958751.68687113,5375210.3390064
103,TRAFFIC SIGNAL,DTS TRANSPORTATION PLANNING,1/29/2004 12:10:35 PM,30,REGION,TRAFFIC SIGNAL,ACTIVE,9/23/2008 12:00:00 AM,1/29/2004 12:10:35 PM,8/11/2014 4:59:11 PM,,-8962129.76622769,5375147.66623638
104,TRAFFIC SIGNAL,DTS TRANSPORTATION PLANNING,1/29/2004 12:11:30 PM,31,REGION,TRAFFIC SIGNAL,ACTIVE,9/23/2008 12:00:00 AM,1/29/2004 12:11:30 PM,8/11/2014 4:59:11 PM,,-8962645.92032815,5375831.40294756
105,TRAFFIC SIGNAL,DTS TRANSPORTATION PLANNING,1/29/2004 12:12:17 PM,32,REGION,TRAFFIC SIGNAL,ACTIVE,9/23/2008 12:00:00 AM,1/29/2004 12:12:17 PM,8/11/2014 4:59:11 PM,,-8962668.04885689,5375394.98042481
106,TRAFFIC SIGNAL,DTS TRANSPORTATION PLANNING,1/29/2004 12:13:20 PM,33,REGION,TRAFFIC SIGNAL,ACTIVE,9/23/2008 12:00:00 AM,1/29/2004 12:13:20 PM,8/11/2014 4:43:04 PM,,-8959597.64326315,5373724.06229771
107,TRAFFIC SIGNAL,DTS TRANSPORTATION PLANNING,1/29/2004 12:14:06 PM,34,KITCHENER,TRAFFIC SIGNAL,ACTIVE,9/23/2008 12:00:00 AM,1/29/2004 12:14:06 PM,8/11/2014 4:59:11 PM,1/1/2002 12:00:00 AM,-8957446.0332797,5374414.92148739
108,TRAFFIC SIGNAL,DTS TRANSPORTATION PLANNING,1/29/2004 12:14:50 PM,35,REGION,TRAFFIC SIGNAL,ACTIVE,9/23/2008 12:00:00 AM,1/29/2004 12:14:50 PM,8/11/2014 4:59:11 PM,,-8949055.05614302,5374867.53099816
109,TRAFFIC SIGNAL,DTS TRANSPORTATION PLANNING,1/29/2004 12:15:35 PM,36,KITCHENER,TRAFFIC SIGNAL,ACTIVE,9/23/2008 12:00:00 AM,1/29/2004 12:15:35 PM,8/11/2014 4:43:04 PM,1/1/2001 12:00:00 AM,-8956592.90543976,5372693.3710472
110,TRAFFIC SIGNAL,DTS TRANSPORTATION PLANNING,1/29/2004 12:16:06 PM,37,KITCHENER,TRAFFIC SIGNAL,ACTIVE,9/23/2008 12:00:00 AM,1/29/2004 12:16:06 PM,8/11/2014 4:43:04 PM,1/1/2001 12:00:00 AM,-8956988.48689094,5372506.23025882
111,TRAFFIC SIGNAL,DTS TRANSPORTATION PLANNING,4/21/2008 9:44:32 AM,183,KITCHENER,TRAFFIC SIGNAL,ACTIVE,9/23/2008 12:00:00 AM,4/21/2008 9:44:32 AM,8/11/2014 4:59:11 PM,1/1/2000 12:00:00 AM,-8963626.45434187,5378141.54194798
112,TRAFFIC SIGNAL,DTS TRANSPORTATION PLANNING,4/21/2008 9:44:32 AM,184,REGION,TRAFFIC SIGNAL,ACTIVE,9/23/2008 12:00:00 AM,4/21/2008 9:44:32 AM,8/11/2014 4:59:11 PM,,-8954472.31382364,5376376.56972653
113,TRAFFIC SIGNAL,DTS TRANSPORTATION PLANNING,4/21/2008 9:44:32 AM,185,REGION,TRAFFIC SIGNAL,ACTIVE,9/23/2008 12:00:00 AM,4/21/2008 9:44:32 AM,8/11/2014 3:14:19 PM,,-8955467.923794,5376141.36832542
114,TRAFFIC SIGNAL,DTS TRANSPORTATION PLANNING,4/21/2008 9:44:32 AM,186,REGION,TRAFFIC SIGNAL,ACTIVE,9/23/2008 12:00:00 AM,4/21/2008 9:44:32 AM,8/11/2014 4:59:11 PM,,-8961183.55412965,5373990.01210604
115,TRAFFIC SIGNAL,DTS TRANSPORTATION PLANNING,4/21/2008 9:44:32 AM,187,REGION,TRAFFIC SIGNAL,ACTIVE,9/23/2008 12:00:00 AM,4/21/2008 9:44:32 AM,8/16/2013 9:32:46 AM,,-8949346.24225793,5374308.79587502
116,TRAFFIC SIGNAL,DTS TRANSPORTATION PLANNING,4/21/2008 9:44:32 AM,188,REGION,TRAFFIC SIGNAL,ACTIVE,9/23/2008 12:00:00 AM,4/21/2008 9:44:32 AM,8/11/2014 4:59:11 PM,,-8962352.70018119,5378908.72041865
117,TRAFFIC SIGNAL,DTS TRANSPORTATION PLANNING,4/21/2008 9:44:32 AM,189,REGION,TRAFFIC SIGNAL,ACTIVE,9/23/2008 12:00:00 AM,4/21/2008 9:44:32 AM,8/11/2014 4:59:11 PM,,-8956535.32578652,5373876.14602203
118,TRAFFIC SIGNAL,DTS TRANSPORTATION PLANNING,4/21/2008 9:44:32 AM,190,REGION,TRAFFIC SIGNAL,ACTIVE,9/23/2008 12:00:00 AM,4/21/2008 9:44:32 AM,8/11/2014 4:59:11 PM,,-8950865.54355972,5370820.25570974
119,TRAFFIC SIGNAL,DTS TRANSPORTATION PLANNING,4/21/2008 9:44:32 AM,191,REGION,TRAFFIC SIGNAL,ACTIVE,9/23/2008 12:00:00 AM,4/21/2008 9:44:32 AM,8/11/2014 4:59:11 PM,,-8959156.726144,5377585.62159759
120,TRAFFIC SIGNAL,DTS TRANSPORTATION PLANNING,4/21/2008 9:44:32 AM,192,REGION,TRAFFIC SIGNAL,ACTIVE,9/23/2008 12:00:00 AM,4/21/2008 9:44:32 AM,8/11/2014 4:59:11 PM,,-8962493.36685582,5381813.09329149
121,TRAFFIC SIGNAL,DTS TRANSPORTATION PLANNING,4/21/2008 9:44:32 AM,193,REGION,TRAFFIC SIGNAL,ACTIVE,9/23/2008 12:00:00 AM,4/21/2008 9:44:32 AM,8/11/2014 3:14:49 PM,,-8950079.98919717,5374730.29023922
122,TRAFFIC SIGNAL,DTS TRANSPORTATION PLANNING,4/21/2008 9:44:32 AM,194,REGION,TRAFFIC SIGNAL,ACTIVE,9/23/2008 12:00:00 AM,4/21/2008 9:44:32 AM,8/16/2013 9:32:46 AM,,-8949573.27056435,5374073.07792166
123,TRAFFIC SIGNAL,DTS TRANSPORTATION PLANNING,4/21/2008 9:44:32 AM,195,REGION,TRAFFIC SIGNAL,ACTIVE,9/23/2008 12:00:00 AM,4/21/2008 9:44:32 AM,8/16/2013 9:32:46 AM,,-8948901.83633313,5373870.84913333
124,TRAFFIC SIGNAL,DTS TRANSPORTATION PLANNING,4/21/2008 9:44:32 AM,196,REGION,TRAFFIC SIGNAL,ACTIVE,9/23/2008 12:00:00 AM,4/21/2008 9:44:32 AM,8/11/2014 4:59:11 PM,,-8961559.21934128,5381395.67867165
125,TRAFFIC SIGNAL,DTS TRANSPORTATION PLANNING,4/21/2008 9:44:32 AM,197,REGION,TRAFFIC SIGNAL,ACTIVE,9/23/2008 12:00:00 AM,4/21/2008 9:44:32 AM,8/16/2013 9:32:46 AM,,-8954393.27953297,5377927.4360545
126,TRAFFIC SIGNAL,DTS TRANSPORTATION PLANNING,4/21/2008 9:44:32 AM,198,REGION,TRAFFIC SIGNAL,ACTIVE,9/23/2008 12:00:00 AM,4/21/2008 9:44:32 AM,8/11/2014 4:43:04 PM,,-8955520.71462007,5374304.74309205
127,PEDESTRIAN SIGNAL,DTS TRANSPORTATION PLANNING,4/21/2008 9:44:32 AM,199,KITCHENER,INTERSECTION PEDESTRIAN SIGNAL,ACTIVE,9/23/2008 12:00:00 AM,4/21/2008 9:44:32 AM,6/23/2016 12:30:28 PM,1/1/1995 12:00:00 AM,-8955449.71058145,5380655.51809957
128,TRAFFIC SIGNAL,DTS TRANSPORTATION PLANNING,4/21/2008 9:44:32 AM,200,REGION,TRAFFIC SIGNAL,ACTIVE,9/23/2008 12:00:00 AM,4/21/2008 9:44:32 AM,8/16/2013 9:32:46 AM,,-8961364.16232101,5381482.50499928
129,TRAFFIC SIGNAL,DTS TRANSPORTATION PLANNING,4/21/2008 9:44:32 AM,201,REGION,TRAFFIC SIGNAL,ACTIVE,9/23/2008 12:00:00 AM,4/21/2008 9:44:32 AM,8/16/2013 9:32:46 AM,,-8959154.7284965,5366627.94981353
130,TRAFFIC SIGNAL,DTS TRANSPORTATION PLANNING,4/21/2008 9:44:32 AM,202,REGION,TRAFFIC SIGNAL,ACTIVE,9/23/2008 12:00:00 AM,4/21/2008 9:44:32 AM,8/11/2014 4:59:11 PM,,-8953807.0678601,5379080.91329404
131,TRAFFIC SIGNAL,DTS TRANSPORTATION PLANNING,4/21/2008 9:44:32 AM,203,REGION,TRAFFIC SIGNAL,ACTIVE,9/23/2008 12:00:00 AM,4/21/2008 9:44:32 AM,8/16/2013 9:32:46 AM,,-8957047.49013374,5380088.64363236
132,TRAFFIC SIGNAL,DTS TRANSPORTATION PLANNING,4/21/2008 9:44:32 AM,204,REGION,TRAFFIC SIGNAL,ACTIVE,9/23/2008 12:00:00 AM,4/21/2008 9:44:32 AM,8/11/2014 4:59:11 PM,,-8956667.1907402,5380308.53130815
133,TRAFFIC SIGNAL,DTS TRANSPORTATION PLANNING,4/21/2008 9:44:32 AM,205,REGION,TRAFFIC SIGNAL,ACTIVE,9/23/2008 12:00:00 AM,4/21/2008 9:44:32 AM,8/11/2014 4:59:11 PM,,-8959493.91249638,5380811.76411828
134,TRAFFIC SIGNAL,DTS TRANSPORTATION PLANNING,4/21/2008 9:44:32 AM,206,REGION,TRAFFIC SIGNAL,ACTIVE,9/23/2008 12:00:00 AM,4/21/2008 9:44:32 AM,8/16/2013 9:32:46 AM,,-8960835.60482792,5373320.27444614
135,TRAFFIC SIGNAL,DTS TRANSPORTATION PLANNING,4/21/2008 9:44:32 AM,207,REGION,TRAFFIC SIGNAL,ACTIVE,9/23/2008 12:00:00 AM,4/21/2008 9:44:32 AM,8/16/2013 9:32:46 AM,,-8961183.48077363,5374783.48239429
136,TRAFFIC SIGNAL,DTS TRANSPORTATION PLANNING,4/21/2008 9:44:32 AM,208,REGION,TRAFFIC SIGNAL,ACTIVE,9/23/2008 12:00:00 AM,4/21/2008 9:44:32 AM,8/11/2014 4:59:11 PM,,-8958977.87489958,5375491.07906561
137,TRAFFIC SIGNAL,DTS TRANSPORTATION PLANNING,4/21/2008 9:44:32 AM,209,REGION,TRAFFIC SIGNAL,ACTIVE,9/23/2008 12:00:00 AM,4/21/2008 9:44:32 AM,8/16/2013 9:32:46 AM,,-8956900.56691458,5374601.53589687
138,TRAFFIC SIGNAL,DTS TRANSPORTATION PLANNING,4/21/2008 9:44:32 AM,210,REGION,TRAFFIC SIGNAL,ACTIVE,9/23/2008 12:00:00 AM,4/21/2008 9:44:32 AM,8/11/2014 4:59:11 PM,,-8954195.25574186,5384289.85975552
139,TRAFFIC SIGNAL,DTS TRANSPORTATION PLANNING,4/21/2008 9:44:32 AM,211,REGION,TRAFFIC SIGNAL,ACTIVE,9/23/2008 12:00:00 AM,4/21/2008 9:44:32 AM,8/16/2013 9:32:46 AM,,-8955576.92695594,5383630.94660146
140,TRAFFIC SIGNAL,DTS TRANSPORTATION PLANNING,4/21/2008 9:44:32 AM,212,REGION,TRAFFIC SIGNAL,ACTIVE,9/23/2008 12:00:00 AM,4/21/2008 9:44:32 AM,8/16/2013 9:32:46 AM,,-8955565.50706033,5381831.0645286
141,TRAFFIC SIGNAL,DTS TRANSPORTATION PLANNING,4/21/2008 9:44:32 AM,213,REGION,TRAFFIC SIGNAL,ACTIVE,9/23/2008 12:00:00 AM,4/21/2008 9:44:32 AM,8/16/2013 9:32:46 AM,,-8955022.74287793,5380855.64055198
142,TRAFFIC SIGNAL,DTS TRANSPORTATION PLANNING,4/21/2008 9:44:32 AM,214,REGION,TRAFFIC SIGNAL,ACTIVE,9/23/2008 12:00:00 AM,4/21/2008 9:44:32 AM,8/11/2014 4:59:11 PM,,-8966249.53716308,5379802.51912605
143,TRAFFIC SIGNAL,DTS TRANSPORTATION PLANNING,4/21/2008 9:44:32 AM,215,REGION,TRAFFIC SIGNAL,ACTIVE,9/23/2008 12:00:00 AM,4/21/2008 9:44:32 AM,8/16/2013 9:32:46 AM,,-8965940.95331373,5379587.92757334
144,TRAFFIC SIGNAL,DTS TRANSPORTATION PLANNING,4/21/2008 9:44:32 AM,216,REGION,TRAFFIC SIGNAL,ACTIVE,9/23/2008 12:00:00 AM,4/21/2008 9:44:32 AM,8/16/2013 9:32:46 AM,,-8964450.80693934,5378643.15697394
145,TRAFFIC SIGNAL,DTS TRANSPORTATION PLANNING,4/21/2008 9:44:32 AM,217,REGION,TRAFFIC SIGNAL,ACTIVE,9/23/2008 12:00:00 AM,4/21/2008 9:44:32 AM,8/16/2013 9:32:46 AM,,-8963876.04445295,5378941.18602837
146,TRAFFIC SIGNAL,DTS TRANSPORTATION PLANNING,4/21/2008 9:44:32 AM,218,REGION,TRAFFIC SIGNAL,ACTIVE,9/23/2008 12:00:00 AM,4/21/2008 9:44:32 AM,8/11/2014 2:57:44 PM,,-8963557.04782213,5379107.59469415
147,TRAFFIC SIGNAL,DTS TRANSPORTATION PLANNING,4/21/2008 9:44:32 AM,219,REGION,TRAFFIC SIGNAL,ACTIVE,9/23/2008 12:00:00 AM,4/21/2008 9:44:32 AM,8/16/2013 9:32:46 AM,,-8963732.89729722,5379706.93762104
148,TRAFFIC SIGNAL,DTS TRANSPORTATION PLANNING,4/21/2008 9:44:32 AM,220,KITCHENER,TRAFFIC SIGNAL,ACTIVE,9/23/2008 12:00:00 AM,4/21/2008 9:44:32 AM,8/16/2013 9:32:46 AM,1/1/1985 12:00:00 AM,-8963865.46037552,5380643.38713865
149,TRAFFIC SIGNAL,DTS TRANSPORTATION PLANNING,4/21/2008 9:44:32 AM,221,REGION,TRAFFIC SIGNAL,ACTIVE,9/23/2008 12:00:00 AM,4/21/2008 9:44:32 AM,8/16/2013 9:32:46 AM,,-8964062.58396472,5377913.63437688
150,TRAFFIC SIGNAL,DTS TRANSPORTATION PLANNING,4/21/2008 9:44:32 AM,222,REGION,TRAFFIC SIGNAL,ACTIVE,9/23/2008 12:00:00 AM,4/21/2008 9:44:32 AM,8/16/2013 9:32:46 AM,,-8963011.75609605,5378456.09637264
151,TRAFFIC SIGNAL,DTS TRANSPORTATION PLANNING,4/21/2008 9:44:32 AM,223,REGION,TRAFFIC SIGNAL,ACTIVE,9/23/2008 12:00:00 AM,4/21/2008 9:44:32 AM,8/16/2013 9:32:46 AM,,-8962805.87680895,5378562.738901
152,TRAFFIC SIGNAL,DTS TRANSPORTATION PLANNING,4/21/2008 9:44:32 AM,224,REGION,TRAFFIC SIGNAL,ACTIVE,9/23/2008 12:00:00 AM,4/21/2008 9:44:32 AM,8/16/2013 9:32:46 AM,,-8962343.23862124,5378182.78058455
153,TRAFFIC SIGNAL,DTS TRANSPORTATION PLANNING,4/21/2008 9:44:32 AM,225,REGION,TRAFFIC SIGNAL,ACTIVE,9/23/2008 12:00:00 AM,4/21/2008 9:44:32 AM,8/16/2013 9:32:46 AM,,-8959833.93240712,5376548.43832283
155,TRAFFIC SIGNAL,DTS TRANSPORTATION PLANNING,4/21/2008 9:44:32 AM,227,REGION,TRAFFIC SIGNAL,ACTIVE,9/23/2008 12:00:00 AM,4/21/2008 9:44:32 AM,8/11/2014 4:59:11 PM,,-8961347.98341682,5375686.81789036
156,TRAFFIC SIGNAL,DTS TRANSPORTATION PLANNING,4/21/2008 9:44:32 AM,228,REGION,TRAFFIC SIGNAL,ACTIVE,9/23/2008 12:00:00 AM,4/21/2008 9:44:32 AM,8/11/2014 4:59:11 PM,,-8961431.25126309,5376179.89700862
157,TRAFFIC SIGNAL,DTS TRANSPORTATION PLANNING,4/21/2008 9:44:32 AM,229,REGION,TRAFFIC SIGNAL,ACTIVE,9/23/2008 12:00:00 AM,4/21/2008 9:44:32 AM,8/11/2014 4:59:11 PM,,-8960931.51136404,5376293.58369196
158,TRAFFIC SIGNAL,DTS TRANSPORTATION PLANNING,4/21/2008 9:44:32 AM,230,REGION,TRAFFIC SIGNAL,ACTIVE,9/23/2008 12:00:00 AM,4/21/2008 9:44:32 AM,8/16/2013 9:32:46 AM,,-8962479.83578821,5375629.86105643
159,TRAFFIC SIGNAL,DTS TRANSPORTATION PLANNING,4/21/2008 9:44:32 AM,231,REGION,TRAFFIC SIGNAL,ACTIVE,9/23/2008 12:00:00 AM,4/21/2008 9:44:32 AM,8/11/2014 4:59:11 PM,,-8957838.478923,5382641.56214887
160,TRAFFIC SIGNAL,DTS TRANSPORTATION PLANNING,4/21/2008 9:44:32 AM,232,REGION,TRAFFIC SIGNAL,ACTIVE,9/23/2008 12:00:00 AM,4/21/2008 9:44:32 AM,8/16/2013 9:32:46 AM,,-8957764.18983277,5382464.74971461
161,TRAFFIC SIGNAL,DTS TRANSPORTATION PLANNING,4/21/2008 9:44:32 AM,233,REGION,TRAFFIC SIGNAL,ACTIVE,9/23/2008 12:00:00 AM,4/21/2008 9:44:32 AM,8/11/2014 4:59:11 PM,,-8957665.55286965,5382238.30452256
162,TRAFFIC SIGNAL,DTS TRANSPORTATION PLANNING,4/21/2008 9:44:32 AM,234,REGION,TRAFFIC SIGNAL,ACTIVE,9/23/2008 12:00:00 AM,4/21/2008 9:44:32 AM,8/11/2014 2:13:17 PM,,-8957272.77161097,5382898.56557604
163,TRAFFIC SIGNAL,DTS TRANSPORTATION PLANNING,4/21/2008 9:44:32 AM,235,REGION,TRAFFIC SIGNAL,ACTIVE,9/23/2008 12:00:00 AM,4/21/2008 9:44:32 AM,8/16/2013 9:32:46 AM,,-8956931.07391181,5382557.87610262
164,TRAFFIC SIGNAL,DTS TRANSPORTATION PLANNING,4/21/2008 9:44:32 AM,236,REGION,TRAFFIC SIGNAL,ACTIVE,9/23/2008 12:00:00 AM,4/21/2008 9:44:32 AM,10/12/2023 10:03:49 AM,,-8956561.44920016,5383191.41975525
165,TRAFFIC SIGNAL,DTS TRANSPORTATION PLANNING,4/21/2008 9:44:32 AM,237,REGION,TRAFFIC SIGNAL,ACTIVE,9/23/2008 12:00:00 AM,4/21/2008 9:44:32 AM,8/11/2014 4:59:11 PM,,-8956476.696694,5382067.593638
166,TRAFFIC SIGNAL,DTS TRANSPORTATION PLANNING,4/21/2008 9:44:32 AM,238,REGION,TRAFFIC SIGNAL,ACTIVE,9/23/2008 12:00:00 AM,4/21/2008 9:44:32 AM,8/11/2014 4:59:11 PM,,-8959396.52124655,5376943.81750344
167,TRAFFIC SIGNAL,DTS TRANSPORTATION PLANNING,4/21/2008 9:44:32 AM,239,REGION,TRAFFIC SIGNAL,ACTIVE,9/23/2008 12:00:00 AM,4/21/2008 9:44:32 AM,8/11/2014 4:59:11 PM,,-8959245.76750318,5377167.79141291
168,TRAFFIC SIGNAL,DTS TRANSPORTATION PLANNING,4/21/2008 9:44:32 AM,240,REGION,TRAFFIC SIGNAL,ACTIVE,9/23/2008 12:00:00 AM,4/21/2008 9:44:32 AM,8/12/2014 3:45:00 PM,,-8958533.18951833,5376679.68949904
169,TRAFFIC SIGNAL,DTS TRANSPORTATION PLANNING,4/21/2008 9:44:32 AM,241,REGION,TRAFFIC SIGNAL,ACTIVE,9/23/2008 12:00:00 AM,4/21/2008 9:44:32 AM,8/11/2014 4:43:04 PM,,-8958423.07439674,5374103.55583423
170,TRAFFIC SIGNAL,DTS TRANSPORTATION PLANNING,4/21/2008 9:44:32 AM,242,REGION,TRAFFIC SIGNAL,ACTIVE,9/23/2008 12:00:00 AM,4/21/2008 9:44:32 AM,8/11/2014 3:14:19 PM,,-8954847.17195125,5376285.2103543
171,TRAFFIC SIGNAL,DTS TRANSPORTATION PLANNING,4/21/2008 9:44:32 AM,243,REGION,TRAFFIC SIGNAL,ACTIVE,9/23/2008 12:00:00 AM,4/21/2008 9:44:32 AM,8/11/2014 4:43:04 PM,,-8954946.24633903,5376482.63126159
172,TRAFFIC SIGNAL,DTS TRANSPORTATION PLANNING,4/21/2008 9:44:32 AM,244,REGION,TRAFFIC SIGNAL,ACTIVE,9/23/2008 12:00:00 AM,4/21/2008 9:44:32 AM,8/11/2014 4:43:04 PM,,-8955330.48212367,5376698.13317476
173,TRAFFIC SIGNAL,DTS TRANSPORTATION PLANNING,4/21/2008 9:44:32 AM,245,REGION,TRAFFIC SIGNAL,ACTIVE,9/23/2008 12:00:00 AM,4/21/2008 9:44:32 AM,8/12/2014 3:53:54 PM,,-8955517.58422398,5378175.51918643
174,TRAFFIC SIGNAL,DTS TRANSPORTATION PLANNING,4/21/2008 9:44:32 AM,246,REGION,TRAFFIC SIGNAL,ACTIVE,9/23/2008 12:00:00 AM,4/21/2008 9:44:32 AM,8/12/2014 3:53:54 PM,,-8960458.83564739,5379012.86381727
175,TRAFFIC SIGNAL,DTS TRANSPORTATION PLANNING,4/21/2008 9:44:32 AM,247,REGION,TRAFFIC SIGNAL,ACTIVE,9/23/2008 12:00:00 AM,4/21/2008 9:44:32 AM,8/12/2014 3:53:54 PM,,-8960235.04558836,5378619.43309836
176,TRAFFIC SIGNAL,DTS TRANSPORTATION PLANNING,4/21/2008 9:44:32 AM,248,REGION,TRAFFIC SIGNAL,ACTIVE,9/23/2008 12:00:00 AM,4/21/2008 9:44:32 AM,8/16/2013 9:32:46 AM,,-8959837.62879613,5378818.73368061
177,TRAFFIC SIGNAL,DTS TRANSPORTATION PLANNING,4/21/2008 9:44:32 AM,249,REGION,TRAFFIC SIGNAL,ACTIVE,9/23/2008 12:00:00 AM,4/21/2008 9:44:32 AM,8/12/2014 3:53:54 PM,,-8958836.0813485,5378339.04059631
178,TRAFFIC SIGNAL,DTS TRANSPORTATION PLANNING,4/21/2008 9:44:32 AM,250,REGION,TRAFFIC SIGNAL,ACTIVE,9/23/2008 12:00:00 AM,4/21/2008 9:44:32 AM,8/16/2013 9:32:46 AM,,-8959994.27329741,5377582.07609838
179,TRAFFIC SIGNAL,DTS TRANSPORTATION PLANNING,4/21/2008 9:44:32 AM,251,REGION,TRAFFIC SIGNAL,ACTIVE,9/23/2008 12:00:00 AM,4/21/2008 9:44:32 AM,8/12/2014 3:53:54 PM,,-8960836.51918395,5377846.62791284
180,TRAFFIC SIGNAL,DTS TRANSPORTATION PLANNING,4/21/2008 9:44:32 AM,252,REGION,TRAFFIC SIGNAL,ACTIVE,9/23/2008 12:00:00 AM,4/21/2008 9:44:32 AM,8/12/2014 3:53:54 PM,,-8955755.22035509,5380510.13040048
181,TRAFFIC SIGNAL,DTS TRANSPORTATION PLANNING,4/21/2008 9:44:32 AM,253,REGION,TRAFFIC SIGNAL,ACTIVE,9/23/2008 12:00:00 AM,4/21/2008 9:44:32 AM,8/16/2013 9:32:46 AM,,-8954898.87607019,5380580.82262809
184,TRAFFIC SIGNAL,DTS TRANSPORTATION PLANNING,4/21/2008 9:44:32 AM,256,REGION,TRAFFIC SIGNAL,ACTIVE,9/23/2008 12:00:00 AM,4/21/2008 9:44:32 AM,8/12/2014 3:53:54 PM,,-8955405.60694352,5378351.64311837
185,TRAFFIC SIGNAL,DTS TRANSPORTATION PLANNING,4/21/2008 9:44:32 AM,257,REGION,TRAFFIC SIGNAL,ACTIVE,9/23/2008 12:00:00 AM,4/21/2008 9:44:32 AM,8/16/2013 9:32:46 AM,,-8966131.68274482,5376907.18432013
186,TRAFFIC SIGNAL,DTS TRANSPORTATION PLANNING,4/21/2008 9:44:32 AM,258,REGION,TRAFFIC SIGNAL,ACTIVE,9/23/2008 12:00:00 AM,4/21/2008 9:44:32 AM,8/16/2013 9:32:46 AM,,-8962071.76763488,5379136.55646618
187,TRAFFIC SIGNAL,DTS TRANSPORTATION PLANNING,4/21/2008 9:44:32 AM,259,REGION,TRAFFIC SIGNAL,ACTIVE,9/23/2008 12:00:00 AM,4/21/2008 9:44:32 AM,8/16/2013 9:32:46 AM,,-8961721.31703955,5379306.29251689
188,TRAFFIC SIGNAL,DTS TRANSPORTATION PLANNING,4/21/2008 9:44:32 AM,260,REGION,TRAFFIC SIGNAL,ACTIVE,9/23/2008 12:00:00 AM,4/21/2008 9:44:32 AM,8/11/2014 2:57:44 PM,,-8961011.3572318,5379343.81629066
189,TRAFFIC SIGNAL,DTS TRANSPORTATION PLANNING,4/21/2008 9:44:32 AM,261,REGION,TRAFFIC SIGNAL,ACTIVE,9/23/2008 12:00:00 AM,4/21/2008 9:44:32 AM,8/16/2013 9:32:46 AM,,-8961621.04335389,5378658.28796988
190,TRAFFIC SIGNAL,DTS TRANSPORTATION PLANNING,4/21/2008 9:44:32 AM,262,REGION,TRAFFIC SIGNAL,ACTIVE,9/23/2008 12:00:00 AM,4/21/2008 9:44:32 AM,8/16/2013 9:32:46 AM,,-8961987.50530538,5377387.26070726
191,TRAFFIC SIGNAL,DTS TRANSPORTATION PLANNING,4/21/2008 9:44:32 AM,263,REGION,TRAFFIC SIGNAL,ACTIVE,9/23/2008 12:00:00 AM,4/21/2008 9:44:32 AM,5/28/2015 9:04:58 PM,,-8962944.01265213,5382012.67410483
192,TRAFFIC SIGNAL,DTS TRANSPORTATION PLANNING,4/21/2008 9:44:32 AM,264,REGION,TRAFFIC SIGNAL,ACTIVE,9/23/2008 12:00:00 AM,4/21/2008 9:44:32 AM,8/12/2014 3:53:54 PM,,-8963057.43711933,5381757.95362304
193,TRAFFIC SIGNAL,DTS TRANSPORTATION PLANNING,4/21/2008 9:44:32 AM,265,REGION,TRAFFIC SIGNAL,ACTIVE,9/23/2008 12:00:00 AM,4/21/2008 9:44:32 AM,8/16/2013 9:32:46 AM,,-8963354.68026095,5381508.90251043
194,TRAFFIC SIGNAL,DTS TRANSPORTATION PLANNING,4/21/2008 9:44:32 AM,266,REGION,TRAFFIC SIGNAL,ACTIVE,9/23/2008 12:00:00 AM,4/21/2008 9:44:32 AM,8/11/2014 2:57:44 PM,,-8963110.8321472,5381008.76741439
195,TRAFFIC SIGNAL,DTS TRANSPORTATION PLANNING,4/21/2008 9:44:32 AM,267,REGION,TRAFFIC SIGNAL,ACTIVE,9/23/2008 12:00:00 AM,4/21/2008 9:44:32 AM,8/12/2014 3:53:54 PM,,-8962368.79167634,5381370.06281383
196,TRAFFIC SIGNAL,DTS TRANSPORTATION PLANNING,4/21/2008 9:44:32 AM,268,REGION,TRAFFIC SIGNAL,ACTIVE,9/23/2008 12:00:00 AM,4/21/2008 9:44:32 AM,8/12/2014 3:53:54 PM,,-8962109.04083594,5381637.50903513
197,TRAFFIC SIGNAL,DTS TRANSPORTATION PLANNING,4/21/2008 9:44:32 AM,269,REGION,TRAFFIC SIGNAL,ACTIVE,9/23/2008 12:00:00 AM,4/21/2008 9:44:32 AM,8/12/2014 3:53:54 PM,,-8961790.35948003,5381493.83235418
198,TRAFFIC SIGNAL,DTS TRANSPORTATION PLANNING,4/21/2008 9:44:32 AM,270,REGION,TRAFFIC SIGNAL,ACTIVE,9/23/2008 12:00:00 AM,4/21/2008 9:44:32 AM,8/16/2013 9:32:46 AM,,-8962075.47122286,5381047.57101708
200,TRAFFIC SIGNAL,DTS TRANSPORTATION PLANNING,4/21/2008 9:44:32 AM,272,REGION,TRAFFIC SIGNAL,ACTIVE,9/23/2008 12:00:00 AM,4/21/2008 9:44:32 AM,8/11/2014 2:57:44 PM,,-8962788.43511744,5380323.93863824
201,TRAFFIC SIGNAL,DTS TRANSPORTATION PLANNING,4/21/2008 9:44:32 AM,273,REGION,TRAFFIC SIGNAL,ACTIVE,9/23/2008 12:00:00 AM,4/21/2008 9:44:32 AM,8/11/2014 2:57:44 PM,,-8962837.57822058,5379518.52355657
202,TRAFFIC SIGNAL,DTS TRANSPORTATION PLANNING,4/21/2008 9:44:32 AM,274,REGION,TRAFFIC SIGNAL,ACTIVE,9/23/2008 12:00:00 AM,4/21/2008 9:44:32 AM,8/11/2014 2:57:44 PM,,-8962533.52172798,5379669.0661816
203,TRAFFIC SIGNAL,DTS TRANSPORTATION PLANNING,4/21/2008 9:44:32 AM,275,REGION,TRAFFIC SIGNAL,ACTIVE,9/23/2008 12:00:00 AM,4/21/2008 9:44:32 AM,8/11/2014 2:57:44 PM,,-8961851.17811298,5380034.31808667
204,TRAFFIC SIGNAL,DTS TRANSPORTATION PLANNING,4/21/2008 9:44:32 AM,276,REGION,TRAFFIC SIGNAL,ACTIVE,9/23/2008 12:00:00 AM,4/21/2008 9:44:32 AM,8/11/2014 2:57:44 PM,,-8961503.84899122,5380473.57750187
205,TRAFFIC SIGNAL,DTS TRANSPORTATION PLANNING,4/21/2008 9:44:32 AM,277,REGION,TRAFFIC SIGNAL,ACTIVE,9/23/2008 12:00:00 AM,4/21/2008 9:44:32 AM,8/16/2013 9:32:46 AM,,-8961182.86514562,5380871.12731382
206,TRAFFIC SIGNAL,DTS TRANSPORTATION PLANNING,4/21/2008 9:44:32 AM,278,REGION,TRAFFIC SIGNAL,ACTIVE,9/23/2008 12:00:00 AM,4/21/2008 9:44:32 AM,8/16/2013 9:32:46 AM,,-8961073.16689344,5381011.43945223
207,TRAFFIC SIGNAL,DTS TRANSPORTATION PLANNING,4/21/2008 9:44:32 AM,279,REGION,TRAFFIC SIGNAL,ACTIVE,9/23/2008 12:00:00 AM,4/21/2008 9:44:32 AM,8/16/2013 9:32:46 AM,,-8961013.47920432,5381158.55819776
208,TRAFFIC SIGNAL,DTS TRANSPORTATION PLANNING,4/21/2008 9:44:32 AM,280,REGION,TRAFFIC SIGNAL,ACTIVE,9/23/2008 12:00:00 AM,4/21/2008 9:44:32 AM,8/11/2014 2:57:44 PM,,-8960431.27931178,5380129.74070149
209,TRAFFIC SIGNAL,DTS TRANSPORTATION PLANNING,4/21/2008 9:44:32 AM,281,REGION,TRAFFIC SIGNAL,ACTIVE,9/23/2008 12:00:00 AM,4/21/2008 9:44:32 AM,8/16/2013 9:32:46 AM,,-8960219.98725412,5380413.31610527
210,TRAFFIC SIGNAL,DTS TRANSPORTATION PLANNING,4/21/2008 9:44:32 AM,282,REGION,TRAFFIC SIGNAL,ACTIVE,9/23/2008 12:00:00 AM,4/21/2008 9:44:32 AM,8/16/2013 9:32:46 AM,,-8960106.30116358,5380551.98041524
211,TRAFFIC SIGNAL,DTS TRANSPORTATION PLANNING,4/21/2008 9:44:32 AM,283,REGION,TRAFFIC SIGNAL,ACTIVE,9/23/2008 12:00:00 AM,4/21/2008 9:44:32 AM,8/16/2013 9:32:46 AM,,-8960008.91328893,5380690.60055211
212,TRAFFIC SIGNAL,DTS TRANSPORTATION PLANNING,4/21/2008 9:44:32 AM,284,REGION,TRAFFIC SIGNAL,ACTIVE,9/23/2008 12:00:00 AM,4/21/2008 9:44:32 AM,8/11/2014 2:57:44 PM,,-8959846.29163976,5380594.02638442
213,TRAFFIC SIGNAL,DTS TRANSPORTATION PLANNING,4/21/2008 9:44:32 AM,285,REGION,TRAFFIC SIGNAL,ACTIVE,9/23/2008 12:00:00 AM,4/21/2008 9:44:32 AM,8/16/2013 9:32:46 AM,,-8959922.85990963,5380467.35150059
214,TRAFFIC SIGNAL,DTS TRANSPORTATION PLANNING,4/21/2008 9:44:32 AM,286,REGION,TRAFFIC SIGNAL,ACTIVE,9/23/2008 12:00:00 AM,4/21/2008 9:44:32 AM,8/11/2014 2:57:44 PM,,-8960276.74696332,5380009.16532071
215,TRAFFIC SIGNAL,DTS TRANSPORTATION PLANNING,4/21/2008 9:44:32 AM,287,REGION,TRAFFIC SIGNAL,ACTIVE,9/23/2008 12:00:00 AM,4/21/2008 9:44:32 AM,8/16/2013 9:32:46 AM,,-8959375.06687684,5380310.87147242
216,TRAFFIC SIGNAL,DTS TRANSPORTATION PLANNING,4/21/2008 9:44:32 AM,288,REGION,TRAFFIC SIGNAL,ACTIVE,9/23/2008 12:00:00 AM,4/21/2008 9:44:32 AM,8/16/2013 9:32:46 AM,,-8959452.8878378,5380188.93285132
217,TRAFFIC SIGNAL,DTS TRANSPORTATION PLANNING,4/21/2008 9:44:32 AM,289,REGION,TRAFFIC SIGNAL,ACTIVE,9/23/2008 12:00:00 AM,4/21/2008 9:44:32 AM,8/11/2014 2:57:44 PM,,-8959673.94244037,5379528.88098882
218,TRAFFIC SIGNAL,DTS TRANSPORTATION PLANNING,4/21/2008 9:44:32 AM,290,REGION,TRAFFIC SIGNAL,ACTIVE,9/23/2008 12:00:00 AM,4/21/2008 9:44:32 AM,8/11/2014 2:57:44 PM,,-8959468.34437451,5379362.81308084
219,TRAFFIC SIGNAL,DTS TRANSPORTATION PLANNING,7/18/2008 9:47:37 AM,291,REGION,TRAFFIC SIGNAL,ACTIVE,9/23/2008 12:00:00 AM,7/18/2008 9:47:37 AM,8/16/2013 9:32:46 AM,,-8955182.19044369,5372318.69489168
321,TRAFFIC SIGNAL,DTS TRANSPORTATION PLANNING,12/11/2009 12:00:00 AM,9366,KITCHENER,TRAFFIC SIGNAL,ACTIVE,12/11/2009 12:00:00 AM,12/11/2009 9:13:50 AM,8/12/2014 3:53:54 PM,1/1/2005 12:00:00 AM,-8955290.3130759,5381425.85010994
323,PEDESTRIAN SIGNAL,DTS TRANSPORTATION PLANNING,12/11/2009 12:00:00 AM,9368,KITCHENER,INTERSECTION PEDESTRIAN SIGNAL,ACTIVE,12/11/2009 12:00:00 AM,12/11/2009 9:28:58 AM,3/7/2023 5:58:34 PM,1/1/2006 12:00:00 AM,-8959671.79095484,5380492.25466815
328,TRAFFIC SIGNAL,2012 ORTHO,4/15/2012 12:00:00 AM,35931,REGION,TRAFFIC SIGNAL,ACTIVE,7/15/2013 12:00:00 AM,7/18/2013 2:08:28 PM,8/12/2014 3:53:54 PM,,-8954611.32006765,5381054.71181293
329,TRAFFIC SIGNAL,2012 ORTHO,4/15/2012 12:00:00 AM,35932,REGION,TRAFFIC SIGNAL,ACTIVE,7/18/2013 3:06:10 PM,7/18/2013 3:06:10 PM,8/12/2014 3:53:54 PM,,-8963078.14757068,5375021.00864695
330,TRAFFIC SIGNAL,2012 ORTHO,4/15/2012 12:00:00 AM,35933,REGION,TRAFFIC SIGNAL,ACTIVE,7/18/2013 3:06:21 PM,7/18/2013 3:06:21 PM,8/12/2014 3:53:54 PM,,-8963718.39098324,5374707.74631304
331,TRAFFIC SIGNAL,2012 ORTHO,4/15/2012 12:00:00 AM,35934,REGION,TRAFFIC SIGNAL,ACTIVE,7/18/2013 3:30:43 PM,7/18/2013 3:30:43 PM,8/11/2014 2:24:13 PM,,-8951744.62468819,5379672.06016776
332,TRAFFIC SIGNAL,2012 ORTHO,4/15/2012 12:00:00 AM,35936,REGION,TRAFFIC SIGNAL,ACTIVE,7/18/2013 4:50:23 PM,7/18/2013 4:50:23 PM,8/13/2014 3:20:30 PM,,-8966183.93323747,5377899.82371832
333,TRAFFIC SIGNAL,2012 ORTHO,4/15/2012 12:00:00 AM,35937,REGION,TRAFFIC SIGNAL,ACTIVE,7/18/2013 4:50:26 PM,7/18/2013 4:50:26 PM,8/13/2014 3:20:30 PM,,-8965577.79426352,5378193.79946611
335,PEDESTRIAN SIGNAL,DTS TRANSPORTATION PLANNING,4/15/2012 12:00:00 AM,36508,REGION,MIDBLOCK PEDESTRIAN SIGNAL,ACTIVE,8/13/2013 3:53:27 PM,8/13/2013 3:53:27 PM,3/31/2023 4:31:09 PM,1/1/2010 12:00:00 AM,-8963248.44342183,5381304.148954
336,PEDESTRIAN SIGNAL,DTS TRANSPORTATION PLANNING,4/15/2012 12:00:00 AM,36509,REGION,MIDBLOCK PEDESTRIAN SIGNAL,ACTIVE,8/13/2013 3:53:27 PM,8/13/2013 3:53:27 PM,3/31/2023 4:31:09 PM,1/1/0999 12:00:00 AM,-8956861.87731153,5379039.95049991
337,PEDESTRIAN SIGNAL,DTS TRANSPORTATION PLANNING,4/15/2012 12:00:00 AM,36510,REGION,MIDBLOCK PEDESTRIAN SIGNAL,ACTIVE,8/13/2013 3:53:27 PM,8/13/2013 3:53:27 PM,3/31/2023 4:31:09 PM,1/1/0999 12:00:00 AM,-8961849.88822695,5377158.93745596
338,PEDESTRIAN SIGNAL,DTS TRANSPORTATION PLANNING,4/15/2012 12:00:00 AM,36511,REGION,MIDBLOCK PEDESTRIAN SIGNAL,ACTIVE,8/13/2013 3:53:27 PM,8/13/2013 3:53:27 PM,3/31/2023 4:31:09 PM,1/1/0999 12:00:00 AM,-8955450.83301863,5379815.48255043
339,PEDESTRIAN SIGNAL,DTS TRANSPORTATION PLANNING,4/15/2012 12:00:00 AM,36512,REGION,INTERSECTION PEDESTRIAN SIGNAL,ACTIVE,8/13/2013 3:53:27 PM,8/13/2013 3:53:27 PM,3/31/2023 4:31:09 PM,1/1/2001 12:00:00 AM,-8955801.49456323,5378529.63046438
644,PEDESTRIAN SIGNAL,DTS TRANSPORTATION PLANNING,4/15/2012 12:00:00 AM,36513,REGION,INTERSECTION PEDESTRIAN SIGNAL,ACTIVE,8/13/2013 3:53:27 PM,8/13/2013 3:53:27 PM,3/31/2023 4:31:09 PM,1/1/2019 12:00:00 AM,-8962129.56701558,5380499.59030856
645,PEDESTRIAN SIGNAL,DTS TRANSPORTATION PLANNING,4/15/2012 12:00:00 AM,36514,REGION,INTERSECTION PEDESTRIAN SIGNAL,ACTIVE,8/13/2013 3:53:27 PM,8/13/2013 3:53:27 PM,3/31/2023 4:31:09 PM,1/1/2005 12:00:00 AM,-8961415.67802863,5378943.89094165
646,PEDESTRIAN SIGNAL,DTS TRANSPORTATION PLANNING,4/15/2012 12:00:00 AM,36515,REGION,MIDBLOCK PEDESTRIAN SIGNAL,ACTIVE,8/13/2013 3:53:27 PM,8/13/2013 3:53:27 PM,3/31/2023 4:33:59 PM,1/1/2007 12:00:00 AM,-8956980.79365566,5378886.332871
1284,TRAFFIC SIGNAL,ORTHO 2018,12/21/2018 12:00:00 AM,48479,REGION,TRAFFIC SIGNAL,ACTIVE,12/21/2018 4:00:09 PM,8/11/2014 2:12:38 PM,12/21/2018 4:00:09 PM,,-8960750.33178866,5381356.21151636
1285,TRAFFIC SIGNAL,ORTHO 2018,12/21/2018 12:00:00 AM,48486,REGION,TRAFFIC SIGNAL,ACTIVE,12/21/2018 4:00:09 PM,8/11/2014 2:57:04 PM,12/21/2018 4:00:09 PM,,-8957005.75755856,5376485.91739529
1286,TRAFFIC SIGNAL,,,48487,REGION,TRAFFIC SIGNAL,ACTIVE,6/20/2016 12:21:22 PM,8/11/2014 3:11:21 PM,6/20/2016 12:21:22 PM,,-8949260.76156005,5374474.72049522
1287,TRAFFIC SIGNAL,,,48488,REGION,TRAFFIC SIGNAL,ACTIVE,6/20/2016 12:21:22 PM,8/11/2014 3:14:06 PM,6/20/2016 12:21:22 PM,,-8949906.89042501,5374484.46975237
1604,PEDESTRIAN SIGNAL,FIELD OBSERVATION,6/20/2016 12:00:00 AM,70928,KITCHENER,INTERSECTION PEDESTRIAN SIGNAL,ACTIVE,6/20/2016 12:09:28 PM,6/20/2016 12:09:28 PM,3/31/2023 4:31:09 PM,1/1/2015 12:00:00 AM,-8957242.87816608,5372191.49847877
2244,TRAFFIC SIGNAL,2018 ORTHO,7/7/2019 12:00:00 AM,175036,REGION,TRAFFIC SIGNAL,ACTIVE,7/7/2019 4:57:07 PM,7/7/2019 4:57:07 PM,7/7/2019 4:58:37 PM,,-8953762.00557912,5381507.56928566
2564,TRAFFIC SIGNAL,FIELD VERIFIED,9/12/2019 12:00:00 AM,183565,REGION,TRAFFIC SIGNAL,ACTIVE,9/12/2019 12:20:16 PM,9/12/2019 12:20:16 PM,9/12/2019 12:25:11 PM,,-8966671.16761733,5377660.94714078
2565,TRAFFIC SIGNAL,FIELD OBSERVATION,6/15/2020 12:00:00 AM,198056,REGION,TRAFFIC SIGNAL,ACTIVE,6/15/2020 8:53:18 AM,6/15/2020 8:53:18 AM,6/15/2020 8:57:35 AM,,-8965555.63815717,5373167.17318256
2566,TRAFFIC SIGNAL,FIELD OBSERVATION,6/15/2020 12:00:00 AM,198057,REGION,TRAFFIC SIGNAL,ACTIVE,6/15/2020 12:00:00 AM,6/15/2020 8:55:43 AM,6/15/2020 9:00:32 AM,6/1/2020 12:00:00 AM,-8965088.92242224,5372577.4051146
2567,TRAFFIC SIGNAL,FIELD OBSERVATION,6/15/2020 12:00:00 AM,198058,REGION,TRAFFIC SIGNAL,ACTIVE,6/15/2020 12:00:00 AM,6/15/2020 8:59:24 AM,6/15/2020 9:02:29 AM,6/1/2020 12:00:00 AM,-8962943.99900874,5369631.84846823
2568,TRAFFIC SIGNAL,FIELD OBSERVATION,6/15/2020 12:00:00 AM,198059,REGION,TRAFFIC SIGNAL,ACTIVE,6/15/2020 12:00:00 AM,6/15/2020 9:01:10 AM,6/15/2020 9:03:38 AM,3/1/2020 12:00:00 AM,-8961881.73014377,5365990.05665554
2884,PEDESTRIAN SIGNAL,FIELD OBSERVATION,12/10/2014 12:00:00 AM,279556,KITCHENER,MIDBLOCK PEDESTRIAN SIGNAL,ACTIVE,3/7/2023 5:58:05 PM,3/7/2023 5:58:05 PM,3/7/2023 6:05:34 PM,1/1/2012 12:00:00 AM,-8963679.51988163,5380733.83366527
2885,PEDESTRIAN SIGNAL,ORTHO 2022,5/1/2022 12:00:00 AM,279667,REGION,MIDBLOCK PEDESTRIAN SIGNAL,ACTIVE,3/8/2023 3:57:12 PM,3/8/2023 3:57:12 PM,2/27/2024 2:05:51 PM,1/1/2013 12:00:00 AM,-8958976.86447586,5378968.8056659
3204,TRAFFIC SIGNAL,ORTHO REVIEW 2022,5/1/2022 12:00:00 AM,323507,,TRAFFIC SIGNAL,ACTIVE,10/13/2023 3:16:28 PM,10/13/2023 3:16:28 PM,10/13/2023 3:16:28 PM,,-8957596.56724951,5383303.85831405
3205,TRAFFIC SIGNAL,ORTHO REVIEW 2022,5/1/2022 12:00:00 AM,323900,,TRAFFIC SIGNAL,ACTIVE,10/17/2023 5:02:22 PM,10/17/2023 5:02:22 PM,10/17/2023 5:03:15 PM,,-8954590.1513284,5371788.18085894
3524,PEDESTRIAN SIGNAL,2025 VISION ZERO IMPROVEMENTS,1/31/2026 12:00:00 AM,5077427,KITCHENER,INTERSECTION PEDESTRIAN SIGNAL,PLANNED,2/10/2026 12:41:10 PM,2/10/2026 12:41:10 PM,2/10/2026 12:46:05 PM,,-8957745.2661759,5380198.76476664
